entreprise,domaine,site
Doctolib,doctolib.fr,
Alan,alan.com,
Qonto,,https://qonto.com/fr
Back Market,backmarket.fr,
BlaBlaCar,,
PayFit,payfit.com,
Malt,malt.fr,
Lydia,lydia-app.com,
Ledger,,https://www.ledger.com
Contentsquare,contentsquare.com,
Dataiku,dataiku.com,
Mirakl,,https://www.mirakl.com
Spendesk,spendesk.com,
Pennylane,pennylane.com,
Yousign,,
Agicap,,https://agicap.com/fr
Swile,swile.co,
ManoMano,manomano.fr,
Welcome to the Jungle,welcometothejungle.com,
Leboncoin,leboncoin.fr,
Sezane,sezane.com,
Le Slip Francais,leslipfrancais.fr,
Alltricks,,https://www.alltricks.fr
OVHcloud,ovhcloud.com,
Deezer,,
Vinted,vinted.fr,
Cdiscount,cdiscount.com,
Boulanger,boulanger.com,
Fnac,fnac.com,
Decathlon,decathlon.fr,
Michelin,michelin.com,
Saint-Gobain,saint-gobain.com,
Legrand,legrand.com,
Lactalis,lactalis.com,
Bonduelle,,
Capgemini,capgemini.com,
Sopra Steria,soprasteria.com,
Wavestone,wavestone.com,
SNCF,sncf.com,
La Poste,laposte.fr,
MAIF,maif.fr,
Macif,macif.fr,
Ouest-France,ouest-france.fr,
Le Monde,lemonde.fr,
Les Restos du Coeur,,
Emmaus France,emmaus-france.org,
Secours Populaire,secours-populaire.fr,
Croix-Rouge francaise,croix-rouge.fr,
RATP,ratp.fr,
Bouygues Telecom,bouyguestelecom.fr,
Air France,,https://www.airfrance.fr
Orange,orange.fr,
Veolia,veolia.com,
Engie,engie.com,
Danone,,
L'Oreal,loreal.com,
Renault Group,renaultgroup.com,
Thales,thalesgroup.com,
Safran,safran-group.com,
Dassault Systemes,3ds.com,
Schneider Electric,se.com,
Alstom,alstom.com,
Accor,,https://group.accor.com
Carrefour,carrefour.com,
Leroy Merlin,,
Darty,darty.com,
Castorama,castorama.fr,
Intermarche,intermarche.com,
Monoprix,monoprix.fr,
Nature et Decouvertes,natureetdecouvertes.com,
Blissim,blissim.fr,
Jimmy Fairly,jimmyfairly.com,
Veepee,veepee.fr,
Showroomprive,showroomprive.com,
Mano Expert,,
Aircall,aircall.io,
Front,,https://front.com
Shippeo,shippeo.com,
Ynsect,ynsect.com,
Innovafeed,innovafeed.com,
Ecovadis,ecovadis.com,
Exotec,exotec.com,
Verkor,verkor.com,
Ledger Insights,,https://www.ledgerinsights.com
Hello Watt,,
Luko,luko.eu,
Descartes Underwriting,descartesunderwriting.com,
Shine,shine.fr,
Memo Bank,memo.bank,
October,,https://october.eu
Younited,younited-credit.com,
Lydia Solutions,,https://lydia-app.com/pro
Doctolib Pro,,https://pro.doctolib.fr
Universite de Lille,univ-lille.fr,
Universite de Bordeaux,,
INSA Lyon,insa-lyon.fr,
Centrale Nantes,ec-nantes.fr,
IMT Atlantique,imt-atlantique.fr,
CNRS,cnrs.fr,
INRIA,inria.fr,
